Composition (at. %),Material condition,Processing history,Phase,Grain_size_um,Density_g_cm3,Hardness_GPa,Youngs_modulus_GPa,Yield_strength_MPa,UTS_MPa,Final_elongation_percent,Testing_temperature_K,Fracture_toughness_MPa_m0.5,Toughness_measure,Toughness_uncertainty_MPa_m0.5,Reference
Al10.53-B5.26-Co10.53-Cr10.53-Cu10.53-Fe10.53-Mo10.53-Ni10.53-Si10.53-Ti10.53,as-synthesized,laser-solidified,B2+matrensite,,,11.3,187.1,,,,298.0,50.9,KIC,,"Zhang, H., He, Y. & Pan, Y. Enhanced hardness and fracture toughness of the laser-solidified FeCoNiCrCuTiMoAlSiB0.5 high-entropy alloy by martensite strengthening. Scr. Mater. 69, 342-345, doi:10.1016/j.scriptamat.2013.05.020 (2013)."
Al42.86-Co14.29-Cr14.29-Fe14.29-Ni14.29,as-synthesized,laser-solidified,B2,,,7.5,117.9,,,,298.0,7.6,KIC,,"Zhang, H., He, Y. & Pan, Y. Enhanced hardness and fracture toughness of the laser-solidified FeCoNiCrCuTiMoAlSiB0.5 high-entropy alloy by martensite strengthening. Scr. Mater. 69, 342-345, doi:10.1016/j.scriptamat.2013.05.020 (2013)."
Al23.23-Co15.15-Cr23.23-Cu8.08-Fe15.15-Ni15.15,as-cast,VIM,BCC+B2,,,5.34,,,,,298.0,5.8,KIC,0.2,"Roy, U., Roy, H., Daoud, H., Glatzel, U. & Ray, K. K. Fracture toughness and fracture micromechanism in a cast AlCoCrCuFeNi high entropy alloy system. Mater. Lett. 132, 186-189, doi:10.1016/j.matlet.2014.06.067 (2014)."
Al23.23-Co15.15-Cr23.23-Cu8.08-Fe15.15-Ni15.15,as-cast,VIM,BCC+B2,,,5.34,,,,,298.0,5.4,KIC,0.2,"Roy, U., Roy, H., Daoud, H., Glatzel, U. & Ray, K. K. Fracture toughness and fracture micromechanism in a cast AlCoCrCuFeNi high entropy alloy system. Mater. Lett. 132, 186-189, doi:10.1016/j.matlet.2014.06.067 (2014)."
Co20.00-Cr20.00-Fe20.00-Mn20.00-Ni20.00,annealed,arc-melted + cold-forged and cross-rolled (~60% reduction) + annealed (800°C & 1h),FCC,6.0,,,202.0,410.0,763.0,57.0,293.0,217.0,KIC,,"Gludovatz, B., Hohenwarter, A., Catoor, D., Chang, E. H., George, E. P. & Ritchie, R. O. A fracture-resistant high-entropy alloy for cryogenic applications. Science 345, 1153-1158, doi:10.1126/science.1254581 (2014)."
Co20.00-Cr20.00-Fe20.00-Mn20.00-Ni20.00,annealed,arc-melted + cold-forged and cross-rolled (~60% reduction) + annealed (800°C & 1h),FCC,6.0,,,209.0,518.0,925.0,60.0,200.0,221.0,KIC,,"Gludovatz, B., Hohenwarter, A., Catoor, D., Chang, E. H., George, E. P. & Ritchie, R. O. A fracture-resistant high-entropy alloy for cryogenic applications. Science 345, 1153-1158, doi:10.1126/science.1254581 (2014)."
Co20.00-Cr20.00-Fe20.00-Mn20.00-Ni20.00,annealed,arc-melted + cold-forged and cross-rolled (~60% reduction) + annealed (800°C & 1h),FCC,6.0,,,214.5,759.0,1280.0,71.0,77.0,219.0,KIC,,"Gludovatz, B., Hohenwarter, A., Catoor, D., Chang, E. H., George, E. P. & Ritchie, R. O. A fracture-resistant high-entropy alloy for cryogenic applications. Science 345, 1153-1158, doi:10.1126/science.1254581 (2014)."
Al5.88-Cr29.41-Fe29.41-Ni29.41-Ti5.88,as-cast,VLM,FCC+BCC+unknown,,,5.00157,,,,,298.0,33.5,KQ,1.5,"Seifi, M., Li, D., Yong, Z., Liaw, P. K. & Lewandowski, J. J. Fracture toughness and fatigue crack growth behavior of as-cast high-entropy alloys. Jom 67, 2288-2295, doi:10.1007/s11837-015-1563-9 (2015)."
Al16.67-Cr16.67-Cu16.67-Fe16.67-Ni33.33,as-cast,VLM,FCC+BCC+unknown,,,3.1470662999999997,,,,,298.0,42.5,KQ,2.5,"Seifi, M., Li, D., Yong, Z., Liaw, P. K. & Lewandowski, J. J. Fracture toughness and fatigue crack growth behavior of as-cast high-entropy alloys. Jom 67, 2288-2295, doi:10.1007/s11837-015-1563-9 (2015)."
Al16.67-Cr16.67-Cu16.67-Fe16.67-Ni33.33,as-cast,VLM,FCC+BCC+unknown,,,3.1470662999999997,,,,,473.0,46.5,KQ,0.5,"Seifi, M., Li, D., Yong, Z., Liaw, P. K. & Lewandowski, J. J. Fracture toughness and fatigue crack growth behavior of as-cast high-entropy alloys. Jom 67, 2288-2295, doi:10.1007/s11837-015-1563-9 (2015)."
Al18.00-Co20.00-Cr21.00-Fe20.00-Ni21.00,as-cast,arc-melted,BCC,,,4.981956,,,366.0,,298.0,9.0,KIC,,"Chen, C., Pang, S., Cheng, Y. & Zhang, T. Microstructure and mechanical properties of Al20−xCr20+0.5xFe20Co20Ni20+0.5x high entropy alloys. J. Alloys Compd. 659, 279-287, doi:10.1016/j.jallcom.2015.10.258 (2016)."
Al15.50-Co20.00-Cr22.25-Fe20.00-Ni22.25,as-cast,arc-melted,FCC+BCC+ordered BCC,,,5.080026,,,592.0,,298.0,11.0,KIC,,"Chen, C., Pang, S., Cheng, Y. & Zhang, T. Microstructure and mechanical properties of Al20−xCr20+0.5xFe20Co20Ni20+0.5x high entropy alloys. J. Alloys Compd. 659, 279-287, doi:10.1016/j.jallcom.2015.10.258 (2016)."
Al13.00-Co20.00-Cr23.50-Fe20.00-Ni23.50,as-cast,arc-melted,FCC,,,3.7855019999999997,,760.0,1010.0,,298.0,53.0,KIC,,"Chen, C., Pang, S., Cheng, Y. & Zhang, T. Microstructure and mechanical properties of Al20−xCr20+0.5xFe20Co20Ni20+0.5x high entropy alloys. J. Alloys Compd. 659, 279-287, doi:10.1016/j.jallcom.2015.10.258 (2016)."
Co33.33-Cr33.33-Ni33.33,annealed,arc-melted + homogenized (1200°C & 24h) + cold-forged and cross-rolled (~60% reduction) + annealed (800°C & 1h),FCC,27.5,,,229.0,440.0,884.0,73.0,293.0,207.7,KIC,25.3,"Gludovatz, B., Hohenwarter, A., Thurston, K. V., Bei, H., Wu, Z., George, E. P. & Ritchie, R. O. Exceptional damage-tolerance of a medium-entropy alloy CrCoNi at cryogenic temperatures. Nat. Commun. 7, 10602, doi:10.1038/ncomms10602 (2016)."
Co33.33-Cr33.33-Ni33.33,annealed,arc-melted + homogenized (1200°C & 24h) + cold-forged and cross-rolled (~60% reduction) + annealed (800°C & 1h),FCC,27.5,,,235.0,554.0,1053.0,68.0,198.0,265.2,KIC,34.3,"Gludovatz, B., Hohenwarter, A., Thurston, K. V., Bei, H., Wu, Z., George, E. P. & Ritchie, R. O. Exceptional damage-tolerance of a medium-entropy alloy CrCoNi at cryogenic temperatures. Nat. Commun. 7, 10602, doi:10.1038/ncomms10602 (2016)."
Al20.00-Co20.00-Cr20.00-Fe20.00-Ni20.00,as-sintered,"SPS (1200°C, 30MPa, & 20min) + furnace-cooled",FCC+BCC+ordered BCC,,7.05,5.080026,,,,,298.0,25.2,KIC,,"Zhang, A., Han, J., Meng, J., Su, B. & Li, P. Rapid preparation of AlCoCrFeNi high entropy alloy by spark plasma sintering from elemental powder mixture. Mater. Lett. 181, 82-85, doi:10.1016/j.matlet.2016.06.014 (2016)."
Mo25.00-Nb25.00-Ta25.00-W25.00,homogenized,arc-melted + homogenized (1800°C & 7days),BCC,,,,,,,,298.0,1.7000000000000002,KIC,0.4,"Zou, Y., Okle, P., Yu, H., Sumigawa, T., Kitamura, T., Maiti, S., Steurer, W. & Spolenak, R. Fracture properties of a refractory high-entropy alloy: In situ micro-cantilever and atom probe tomography studies. Scr. Mater. 128, 95-99, doi:10.1016/j.scriptamat.2016.09.036 (2017)."
Mo25.00-Nb25.00-Ta25.00-W25.00,homogenized,arc-melted + homogenized (1800°C & 7days),BCC,,,,,,,,298.0,0.2,KIC,,"Zou, Y., Okle, P., Yu, H., Sumigawa, T., Kitamura, T., Maiti, S., Steurer, W. & Spolenak, R. Fracture properties of a refractory high-entropy alloy: In situ micro-cantilever and atom probe tomography studies. Scr. Mater. 128, 95-99, doi:10.1016/j.scriptamat.2016.09.036 (2017)."
Co25.00-Cr25.00-Fe25.00-Ni25.00,as-sintered,"SPS (1150°C, 30MPa, & 20min) + furnace-cooled",FCC,,8.15,2.334066,,,,,298.0,24.8,KIC,1.2,"Zhang, A., Han, J., Su, B., Li, P. & Meng, J. Microstructure, mechanical properties and tribological performance of CoCrFeNi high entropy alloy matrix self-lubricating composite. Mater. Design 114, 253-263, doi:10.1016/j.matdes.2016.11.072 (2017)."
C12.50-Co12.50-Cr12.50-Fe12.50-Mo12.50-Ni12.50-S25.00,as-sintered,"SPS (1150°C, 30MPa, & 3min) + furnace-cooled",FCC+graphite+MoS2+Ni,,7.39,2.6576969999999998,,,,,298.0,14.3,KIC,1.7,"Zhang, A., Han, J., Su, B., Li, P. & Meng, J. Microstructure, mechanical properties and tribological performance of CoCrFeNi high entropy alloy matrix self-lubricating composite. Mater. Design 114, 253-263, doi:10.1016/j.matdes.2016.11.072 (2017)."
Al5.56-C33.33-Co5.56-Cr5.56-Cu5.56-Fe5.56-Ni5.56-W33.33,as-sintered,"SPS (1200°C, 30MPa, & 5min)",FCC+BCC+WC,0.212,,19.888596,,,,,298.0,9.92,KIC,,"Luo, W., Liu, Y., Luo, Y. & Wu, M. Fabrication and characterization of WC-AlCoCrCuFeNi high-entropy alloy composites by spark plasma sintering. J. Alloys Compd. 754, 163-170, doi:10.1016/j.jallcom.2018.04.270 (2018)."
Al5.56-C33.33-Co5.56-Cr5.56-Cu5.56-Fe5.56-Ni5.56-W33.33,as-sintered,"SPS (1250°C, 30MPa, & 5min)",FCC+BCC+WC,0.238,,18.849054,,,,,298.0,10.41,KIC,,"Luo, W., Liu, Y., Luo, Y. & Wu, M. Fabrication and characterization of WC-AlCoCrCuFeNi high-entropy alloy composites by spark plasma sintering. J. Alloys Compd. 754, 163-170, doi:10.1016/j.jallcom.2018.04.270 (2018)."
Al5.56-C33.33-Co5.56-Cr5.56-Cu5.56-Fe5.56-Ni5.56-W33.33,as-sintered,"SPS (1300°C, 30MPa, & 5min)",FCC+BCC+WC,0.241,,18.545037,,,,,298.0,10.32,KIC,,"Luo, W., Liu, Y., Luo, Y. & Wu, M. Fabrication and characterization of WC-AlCoCrCuFeNi high-entropy alloy composites by spark plasma sintering. J. Alloys Compd. 754, 163-170, doi:10.1016/j.jallcom.2018.04.270 (2018)."
Al5.56-C33.33-Co5.56-Cr5.56-Cu5.56-Fe5.56-Ni5.56-W33.33,as-sintered,"SPS (1350°C, 30MPa, & 5min)",FCC+BCC+WC,0.278,,17.574144,,,,,298.0,9.96,KIC,,"Luo, W., Liu, Y., Luo, Y. & Wu, M. Fabrication and characterization of WC-AlCoCrCuFeNi high-entropy alloy composites by spark plasma sintering. J. Alloys Compd. 754, 163-170, doi:10.1016/j.jallcom.2018.04.270 (2018)."
Al5.56-C33.33-Co5.56-Cr5.56-Cu5.56-Fe5.56-Ni5.56-W33.33,as-sintered,"SPS (1250°C, 30MPa, & 3min)",FCC+BCC+WC,0.224,,19.466895,,,,,298.0,10.15,KIC,,"Luo, W., Liu, Y., Luo, Y. & Wu, M. Fabrication and characterization of WC-AlCoCrCuFeNi high-entropy alloy composites by spark plasma sintering. J. Alloys Compd. 754, 163-170, doi:10.1016/j.jallcom.2018.04.270 (2018)."
Al5.56-C33.33-Co5.56-Cr5.56-Cu5.56-Fe5.56-Ni5.56-W33.33,as-sintered,"SPS (1250°C, 30MPa, & 4min)",FCC+BCC+WC,0.234,,18.898089,,,,,298.0,10.2,KIC,,"Luo, W., Liu, Y., Luo, Y. & Wu, M. Fabrication and characterization of WC-AlCoCrCuFeNi high-entropy alloy composites by spark plasma sintering. J. Alloys Compd. 754, 163-170, doi:10.1016/j.jallcom.2018.04.270 (2018)."
Al5.56-C33.33-Co5.56-Cr5.56-Cu5.56-Fe5.56-Ni5.56-W33.33,as-sintered,"SPS (1250°C, 30MPa, & 6min)",FCC+BCC+WC,0.253,,18.545037,,,,,298.0,10.03,KIC,,"Luo, W., Liu, Y., Luo, Y. & Wu, M. Fabrication and characterization of WC-AlCoCrCuFeNi high-entropy alloy composites by spark plasma sintering. J. Alloys Compd. 754, 163-170, doi:10.1016/j.jallcom.2018.04.270 (2018)."
Al5.56-C33.33-Co5.56-Cr5.56-Cu5.56-Fe5.56-Ni5.56-W33.33,as-sintered,"SPS (1250°C, 30MPa, & 5min)",FCC+BCC+WC,0.211,,16.701321,,,,,298.0,9.48,KIC,,"Luo, W., Liu, Y., Luo, Y. & Wu, M. Fabrication and characterization of WC-AlCoCrCuFeNi high-entropy alloy composites by spark plasma sintering. J. Alloys Compd. 754, 163-170, doi:10.1016/j.jallcom.2018.04.270 (2018)."
Cr20.00-Cu20.00-Fe20.00-Ti20.00-Zn20.00,as-sintered,"SPS (800°C, 50MPa, & 3min)",BCC+FCC+Pb+2IMC,,,5.5,241.0,,,,298.0,21.67,KIC,1.81,"Yadav, S., Sarkar, S., Aggarwal, A., Kumar, A. & Biswas, K. Wear and mechanical properties of novel (CuCrFeTiZn)100-xPbx high entropy alloy composite via mechanical alloying and spark plasma sintering. Wear 410-411, 93-109, doi:10.1016/j.wear.2018.05.023 (2018)."
Cr19.00-Cu19.00-Fe19.00-Pb5.00-Ti19.00-Zn19.00,as-sintered,"SPS (800°C, 50MPa, & 3min)",BCC+FCC+Pb+2IMC,,,5.1,174.0,,,,298.0,13.11,KIC,2.57,"Yadav, S., Sarkar, S., Aggarwal, A., Kumar, A. & Biswas, K. Wear and mechanical properties of novel (CuCrFeTiZn)100-xPbx high entropy alloy composite via mechanical alloying and spark plasma sintering. Wear 410-411, 93-109, doi:10.1016/j.wear.2018.05.023 (2018)."
Cr18.00-Cu18.00-Fe18.00-Pb10.00-Ti18.00-Zn18.00,as-sintered,"SPS (800°C, 50MPa, & 3min)",BCC+FCC+Pb+2IMC,,,3.9,144.0,,,,298.0,10.02,KIC,1.42,"Yadav, S., Sarkar, S., Aggarwal, A., Kumar, A. & Biswas, K. Wear and mechanical properties of novel (CuCrFeTiZn)100-xPbx high entropy alloy composite via mechanical alloying and spark plasma sintering. Wear 410-411, 93-109, doi:10.1016/j.wear.2018.05.023 (2018)."
Co22.22-Cr22.22-Fe22.22-Ni22.22-S11.11,as-sintered,"SPS (1100°C, 30MPa, & 20min) + furnace-cooled",FCC+CrxSy,,7.19,2.540013,,,,,298.0,21.8,KIC,1.9,"Zhang, A., Han, J., Su, B. & Meng, J. A promising new high temperature self-lubricating material: CoCrFeNiS0.5 high entropy alloy. Mater. Sci. Eng.: A 731, 36-43, doi:10.1016/j.msea.2018.06.030 (2018)."
Nb25.00-Ta25.00-Ti25.00-Zr25.00,as-cast,arc-melted,BCC,60.0,,,,,,,298.0,28.5,KQ,0.9,"Wang, S.-P., Ma, E. & Xu, J. Notch fracture toughness of body-centered-cubic (TiZrNbTa) Mo high-entropy alloys. Intermetallics 103, 78-87, doi:10.1016/j.intermet.2018.10.008 (2018)."
Mo5.00-Nb23.75-Ta23.75-Ti23.75-Zr23.75,as-cast,arc-melted,BCC,,,,,,,,298.0,22.5,KQ,1.2,"Wang, S.-P., Ma, E. & Xu, J. Notch fracture toughness of body-centered-cubic (TiZrNbTa) Mo high-entropy alloys. Intermetallics 103, 78-87, doi:10.1016/j.intermet.2018.10.008 (2018)."
Mo10.00-Nb22.50-Ta22.50-Ti22.50-Zr22.50,as-cast,arc-melted,BCC,,,,,,,,298.0,20.0,KQ,0.7,"Wang, S.-P., Ma, E. & Xu, J. Notch fracture toughness of body-centered-cubic (TiZrNbTa) Mo high-entropy alloys. Intermetallics 103, 78-87, doi:10.1016/j.intermet.2018.10.008 (2018)."
Mo20.00-Nb20.00-Ta20.00-Ti20.00-Zr20.00,as-cast,arc-melted,BCC,60.0,,,,,,,298.0,18.7,KQ,0.6,"Wang, S.-P., Ma, E. & Xu, J. Notch fracture toughness of body-centered-cubic (TiZrNbTa) Mo high-entropy alloys. Intermetallics 103, 78-87, doi:10.1016/j.intermet.2018.10.008 (2018)."
Al10.71-Co17.86-Cr17.86-Fe17.86-Ni17.86-Ti17.86,as-sprayed,HVOF sprayed,BCC,,,7.737723,156.52,,,,298.0,8.4,KIC,,"Chen, L., Bobzin, K., Zhou, Z., Zhao, L., Öte, M., Königstein, T., Tan, Z. & He, D. Wear behavior of HVOF-sprayed Al0.6TiCrFeCoNi high entropy alloy coatings at different temperatures. Surf. Coat. Technol. 358, 215-222, doi:10.1016/j.surfcoat.2018.11.052 (2019)."
Al10.71-Co17.86-Cr17.86-Fe17.86-Ni17.86-Ti17.86,as-sprayed,HVOF sprayed,BCC,,,7.8456,158.34,,,,598.0,6.7,KIC,,"Chen, L., Bobzin, K., Zhou, Z., Zhao, L., Öte, M., Königstein, T., Tan, Z. & He, D. Wear behavior of HVOF-sprayed Al0.6TiCrFeCoNi high entropy alloy coatings at different temperatures. Surf. Coat. Technol. 358, 215-222, doi:10.1016/j.surfcoat.2018.11.052 (2019)."
Al10.71-Co17.86-Cr17.86-Fe17.86-Ni17.86-Ti17.86,as-sprayed,HVOF sprayed,BCC,,,8.72823,161.07,,,,798.0,5.5,KIC,,"Chen, L., Bobzin, K., Zhou, Z., Zhao, L., Öte, M., Königstein, T., Tan, Z. & He, D. Wear behavior of HVOF-sprayed Al0.6TiCrFeCoNi high entropy alloy coatings at different temperatures. Surf. Coat. Technol. 358, 215-222, doi:10.1016/j.surfcoat.2018.11.052 (2019)."
Al10.71-Co17.86-Cr17.86-Fe17.86-Ni17.86-Ti17.86,heat-treated,HVOF sprayed + heat-treated (800°C & 1h),BCC+σ-CrFe,,,9.21858,170.17,,,,1098.0,5.0,KIC,,"Chen, L., Bobzin, K., Zhou, Z., Zhao, L., Öte, M., Königstein, T., Tan, Z. & He, D. Wear behavior of HVOF-sprayed Al0.6TiCrFeCoNi high entropy alloy coatings at different temperatures. Surf. Coat. Technol. 358, 215-222, doi:10.1016/j.surfcoat.2018.11.052 (2019)."
Cr15.00-Fe20.00-Ni45.00-V20.00,annealed,VIM + homogenized (1100°C & 6h) + pickled (20% HCl) + cold-rolled (75% reduction) + annealed (1000°C + 10min),FCC,13.2,,,,352.0,790.0,64.2,298.0,189.0,KQ,,"Jo, Y. H., Choi, W. M., Kim, D. G., Zargaran, A., Lee, K., Sung, H., Sohn, S. S., Kim, H. S., Lee, B. J. & Lee, S. Utilization of brittle σ phase for strengthening and strain hardening in ductile VCrFeNi high-entropy alloy. Mater. Sci. Eng.: A 743, 665-674, doi:10.1016/j.msea.2018.11.136 (2019)."
Cr15.00-Fe20.00-Ni45.00-V20.00,annealed,VIM + homogenized (1100°C & 6h) + pickled (20% HCl) + cold-rolled (75% reduction) + annealed (1000°C + 10min),FCC,13.2,,,,571.0,1119.0,73.3,77.0,278.0,KQ,,"Jo, Y. H., Choi, W. M., Kim, D. G., Zargaran, A., Lee, K., Sung, H., Sohn, S. S., Kim, H. S., Lee, B. J. & Lee, S. Utilization of brittle σ phase for strengthening and strain hardening in ductile VCrFeNi high-entropy alloy. Mater. Sci. Eng.: A 743, 665-674, doi:10.1016/j.msea.2018.11.136 (2019)."
Cr15.00-Fe20.00-Ni45.00-V20.00,annealed,VIM + homogenized (1100°C & 6h) + pickled (20% HCl) + cold-rolled (75% reduction) + annealed (900°C + 10min),FCC+σ,3.4,,,,587.0,1013.0,38.5,298.0,160.0,KQ,,"Jo, Y. H., Choi, W. M., Kim, D. G., Zargaran, A., Lee, K., Sung, H., Sohn, S. S., Kim, H. S., Lee, B. J. & Lee, S. Utilization of brittle σ phase for strengthening and strain hardening in ductile VCrFeNi high-entropy alloy. Mater. Sci. Eng.: A 743, 665-674, doi:10.1016/j.msea.2018.11.136 (2019)."
Cr15.00-Fe20.00-Ni45.00-V20.00,annealed,VIM + homogenized (1100°C & 6h) + pickled (20% HCl) + cold-rolled (75% reduction) + annealed (900°C + 10min),FCC+σ,3.4,,,,819.0,1369.0,42.7,77.0,244.0,KQ,,"Jo, Y. H., Choi, W. M., Kim, D. G., Zargaran, A., Lee, K., Sung, H., Sohn, S. S., Kim, H. S., Lee, B. J. & Lee, S. Utilization of brittle σ phase for strengthening and strain hardening in ductile VCrFeNi high-entropy alloy. Mater. Sci. Eng.: A 743, 665-674, doi:10.1016/j.msea.2018.11.136 (2019)."
Co22.22-Cr22.22-Fe22.22-Nb11.11-Ni22.22,as-cast,arc-melted,FCC+C14 Laves,25.0,,9.2,,,,,298.0,13.100000000000001,KIC,1.7000000000000002,"Chung, D., Ding, Z. & Yang, Y. Hierarchical Eutectic Structure Enabling Superior Fracture Toughness and Superb Strength in CoCrFeNiNb0.5 Eutectic High Entropy Alloy at Room Temperature. Adv. Eng. Mater. 21, doi:10.1002/adem.201801060 (2018)."
Mo25.00-Nb25.00-Ta25.00-W25.00,as-deposited,PVD,BCC,0.15,,,,,,,298.0,3.3,KIC,,"Xiao, Y., Zou, Y., Ma, H., Sologubenko, A. S., Maeder, X., Spolenak, R. & Wheeler, J. M. Nanostructured NbMoTaW high entropy alloy thin films: High strength and enhanced fracture toughness. Scr. Mater. 168, 51-55, doi:10.1016/j.scriptamat.2019.04.011 (2019)."
Mo25.00-Nb25.00-Ta25.00-W25.00,as-deposited,IBAD,BCC,0.1,,,,,,,298.0,2.9,KIC,,"Xiao, Y., Zou, Y., Ma, H., Sologubenko, A. S., Maeder, X., Spolenak, R. & Wheeler, J. M. Nanostructured NbMoTaW high entropy alloy thin films: High strength and enhanced fracture toughness. Scr. Mater. 168, 51-55, doi:10.1016/j.scriptamat.2019.04.011 (2019)."
Mo25.00-Nb25.00-Ta25.00-W25.00,as-deposited,IBAD,BCC,0.07,,,,,,,298.0,2.9,KIC,,"Xiao, Y., Zou, Y., Ma, H., Sologubenko, A. S., Maeder, X., Spolenak, R. & Wheeler, J. M. Nanostructured NbMoTaW high entropy alloy thin films: High strength and enhanced fracture toughness. Scr. Mater. 168, 51-55, doi:10.1016/j.scriptamat.2019.04.011 (2019)."
Co20.00-Cr10.00-Fe45.00-Ni15.00-V10.00,annealed,VIM + homogenized (1373K & 6h) + cold-rolled (75% reduction) + annealed (1173K & 1h) + water-quenched,FCC,12.0,,,203.8,470.0,1000.0,62.0,77.0,232.0,KIC,,"Jo, Y. H., Doh, K.-Y., Kim, D. G., Lee, K., Kim, D. W., Sung, H., Sohn, S. S., Lee, D., Kim, H. S., Lee, B.-J. & Lee, S. Cryogenic-temperature fracture toughness analysis of non-equi-atomic V10Cr10Fe45Co20Ni15 high-entropy alloy. J. Alloys Compd. 809, doi:10.1016/j.jallcom.2019.151864 (2019)."
Al2.44-Co24.39-Cr24.39-Fe24.39-Ni24.39,as-claded,microwave hybrid heated (1560°C & 8min),FCC+σ,30.0,7.7,4.491606,207.0,,,,298.0,13.8,KIC,0.6,"Nair, R. B., Arora, H. S., Boyana, A. V., Saiteja, P. & Grewal, H. S. Tribological behavior of microwave synthesized high entropy alloy claddings. Wear 436-437, doi:10.1016/j.wear.2019.203028 (2019)."
Al42.86-Co14.29-Cr14.29-Fe14.29-Ni14.29,as-claded,microwave hybrid heated (1560°C & 8min),BCC+B2+σ,30.0,5.26,6.119568,192.0,,,,298.0,7.44,KIC,0.3,"Nair, R. B., Arora, H. S., Boyana, A. V., Saiteja, P. & Grewal, H. S. Tribological behavior of microwave synthesized high entropy alloy claddings. Wear 436-437, doi:10.1016/j.wear.2019.203028 (2019)."
C26.43-Co7.14-Cr7.14-Cu7.14-Fe7.14-Mo14.29-N2.14-Ni7.14-Ta7.14-Ti7.14-W7.14,as-sintered,vacuum sintered (1265°C & 1h) + low-pressure sintered (1440°C & 1h),"FCC+Ti(C,N)+Laves",0.93,,16.926882,,,,,298.0,8.8,KIC,0.21,"Wang, Z., Xiong, J., Guo, Z., Yang, T., Liu, J. & Chai, B. The microstructure and properties of novel Ti(C,N)-based cermets with multi-component CoCrFeNiCu high-entropy alloy binders. Mater. Sci. Eng.: A 766, doi:10.1016/j.msea.2019.138345 (2019)."
C26.43-Co7.14-Cr7.14-Cu7.14-Fe7.14-Mo14.29-N2.14-Ni7.14-Ta7.14-Ti7.14-W7.14,as-sintered,vacuum sintered (1265°C & 1h) + low-pressure sintered (1440°C & 1h),"FCC+Ti(C,N)",0.87,,15.495059999999999,,,,,298.0,9.8,KIC,0.26,"Wang, Z., Xiong, J., Guo, Z., Yang, T., Liu, J. & Chai, B. The microstructure and properties of novel Ti(C,N)-based cermets with multi-component CoCrFeNiCu high-entropy alloy binders. Mater. Sci. Eng.: A 766, doi:10.1016/j.msea.2019.138345 (2019)."
Al2.10-C27.97-Co6.99-Cr6.99-Fe6.99-Mo13.99-N6.99-Ni6.99-Ta6.99-Ti6.99-W6.99,as-sintered,"hot-pressing sintered (1400°C, 8MPa, & 1h)","FCC+Ti(C,N)",,,20.143577999999998,296.8,,,,298.0,8.92,KIC,,"Fang, Y., Chen, N., Du, G., Zhang, M., Zhao, X., Cheng, H. & Wu, J. High-temperature oxidation resistance, mechanical and wear resistance properties of Ti(C,N)-based cermets with Al0.3CoCrFeNi high-entropy alloy as a metal binder. J. Alloys Compd. 815, doi:10.1016/j.jallcom.2019.152486 (2020)."
Al2.10-C27.97-Co6.99-Cr6.99-Fe6.99-Mo13.99-N6.99-Ni6.99-Ta6.99-Ti6.99-W6.99,as-sintered,"hot-pressing sintered (1400°C, 8MPa, & 1h)","FCC+Ti(C,N)",,,11.150559,189.7,,,,1298.0,6.46,KIC,,"Fang, Y., Chen, N., Du, G., Zhang, M., Zhao, X., Cheng, H. & Wu, J. High-temperature oxidation resistance, mechanical and wear resistance properties of Ti(C,N)-based cermets with Al0.3CoCrFeNi high-entropy alloy as a metal binder. J. Alloys Compd. 815, doi:10.1016/j.jallcom.2019.152486 (2020)."
Co20.00-Cr20.00-Fe20.00-Mn20.00-Ni20.00,as-printed,SLM,FCC,,,,,,,,298.0,290.32,KIC,,"Li, N., Wu, S., Ouyang, D., Zhang, J. & Liu, L. Fe-based metallic glass reinforced FeCoCrNiMn high entropy alloy through selective laser melting. J. Alloys Compd. 822, doi:10.1016/j.jallcom.2020.153695 (2020)."
B4.10-C14.76-Co7.90-Cr14.95-Fe42.57-Mn0.95-Mo12.00-Ni0.95-Y1.81,as-printed,SLM,2FCC+amorphous,,,,,,,,298.0,126.0,KIC,,"Li, N., Wu, S., Ouyang, D., Zhang, J. & Liu, L. Fe-based metallic glass reinforced FeCoCrNiMn high entropy alloy through selective laser melting. J. Alloys Compd. 822, doi:10.1016/j.jallcom.2020.153695 (2020)."
B4.10-C14.76-Co7.90-Cr14.95-Fe42.57-Mn0.95-Mo12.00-Ni0.95-Y1.81,as-printed,SLM,2FCC+amorphous,,,,,,,,298.0,104.0,KIC,,"Li, N., Wu, S., Ouyang, D., Zhang, J. & Liu, L. Fe-based metallic glass reinforced FeCoCrNiMn high entropy alloy through selective laser melting. J. Alloys Compd. 822, doi:10.1016/j.jallcom.2020.153695 (2020)."
B4.10-C14.76-Co7.90-Cr14.95-Fe42.57-Mn0.95-Mo12.00-Ni0.95-Y1.81,as-printed,SLM,2FCC+amorphous,,,,,,,,298.0,65.67,KIC,,"Li, N., Wu, S., Ouyang, D., Zhang, J. & Liu, L. Fe-based metallic glass reinforced FeCoCrNiMn high entropy alloy through selective laser melting. J. Alloys Compd. 822, doi:10.1016/j.jallcom.2020.153695 (2020)."
B4.10-C14.76-Co7.90-Cr14.95-Fe42.57-Mn0.95-Mo12.00-Ni0.95-Y1.81,as-printed,SLM,2FCC+amorphous,,,,,,,,298.0,27.0,KIC,,"Li, N., Wu, S., Ouyang, D., Zhang, J. & Liu, L. Fe-based metallic glass reinforced FeCoCrNiMn high entropy alloy through selective laser melting. J. Alloys Compd. 822, doi:10.1016/j.jallcom.2020.153695 (2020)."
Al20.00-Cu20.00-Ta20.00-V20.00-W20.00,as-sintered,"SPS (1523K, 80MPa, & 15min)",2FCC+B2,,,13.0,,,,,298.0,8.36,KIC,,"Ganji, R. S., Rajulapati, K. V. & Rao, K. Development of a multi-phase AlCuTaVW high-entropy alloy using powder metallurgy route and its mechanical properties. Trans. Indian Inst. Met. 73, 613-618, doi:10.1007/s12666-020-01875-2 (2020)."
Al3.51-Co26.32-Cr17.54-Fe17.54-Ni26.32-Ti8.77,as-sintered,"SPS (1050°C, 30MPa, & 20min) + furnace-cooled",FCC,18.099999999999998,7.7,4.0208699999999995,,,,,298.0,40.0,KIC,,"Xin, B., Zhang, A., Han, J., Su, B. & Meng, J. Tuning composition and microstructure by doping Ti and C for enhancing mechanical property and wear resistance of Al0.2Co1.5CrFeNi1.5Ti0.5 high entropy alloy matrix composites. J. Alloys Compd. 836, doi:10.1016/j.jallcom.2020.155273 (2020)."
Al2.99-C7.46-Co22.39-Cr14.93-Fe14.93-Ni22.39-Ti14.93,as-sintered,"SPS (1050°C, 30MPa, & 20min) + furnace-cooled",FCC+TiC,,7.3,4.31508,,,,,298.0,28.0,KIC,,"Xin, B., Zhang, A., Han, J., Su, B. & Meng, J. Tuning composition and microstructure by doping Ti and C for enhancing mechanical property and wear resistance of Al0.2Co1.5CrFeNi1.5Ti0.5 high entropy alloy matrix composites. J. Alloys Compd. 836, doi:10.1016/j.jallcom.2020.155273 (2020)."
Al2.60-C12.99-Co19.48-Cr12.99-Fe12.99-Ni19.48-Ti19.48,as-sintered,"SPS (1050°C, 30MPa, & 20min) + furnace-cooled",FCC+TiC,10.9,7.0,4.864272,,,,,298.0,24.0,KIC,,"Xin, B., Zhang, A., Han, J., Su, B. & Meng, J. Tuning composition and microstructure by doping Ti and C for enhancing mechanical property and wear resistance of Al0.2Co1.5CrFeNi1.5Ti0.5 high entropy alloy matrix composites. J. Alloys Compd. 836, doi:10.1016/j.jallcom.2020.155273 (2020)."
Al2.30-C17.24-Co17.24-Cr11.49-Fe11.49-Ni17.24-Ti22.99,as-sintered,"SPS (1050°C, 30MPa, & 20min) + furnace-cooled",FCC+TiC,,6.7,5.972462999999999,,,,,298.0,22.0,KIC,,"Xin, B., Zhang, A., Han, J., Su, B. & Meng, J. Tuning composition and microstructure by doping Ti and C for enhancing mechanical property and wear resistance of Al0.2Co1.5CrFeNi1.5Ti0.5 high entropy alloy matrix composites. J. Alloys Compd. 836, doi:10.1016/j.jallcom.2020.155273 (2020)."
Al2.06-C20.62-Co15.46-Cr10.31-Fe10.31-Ni15.46-Ti25.77,as-sintered,"SPS (1050°C, 30MPa, & 20min) + furnace-cooled",FCC+TiC,9.0,6.6,8.33595,,,,,298.0,17.0,KIC,,"Xin, B., Zhang, A., Han, J., Su, B. & Meng, J. Tuning composition and microstructure by doping Ti and C for enhancing mechanical property and wear resistance of Al0.2Co1.5CrFeNi1.5Ti0.5 high entropy alloy matrix composites. J. Alloys Compd. 836, doi:10.1016/j.jallcom.2020.155273 (2020)."
Co20.00-Cr20.00-Fe20.00-Mn20.00-Ni20.00,as-sintered,"SPS (1050°C, 30MPa, & 20min) + furnace-cooled",FCC,,,,,,,,298.0,45.8,KIC,,"Guo, Z., Zhang, A., Han, J. & Meng, J. Microstructure, mechanical and tribological properties of CoCrFeNiMn high entropy alloy matrix composites with addition of Cr3C2. Tribology International 151, doi:10.1016/j.triboint.2020.106436 (2020)."
C20.00-Co10.00-Cr40.00-Fe10.00-Mn10.00-Ni10.00,as-sintered,"SPS (1050°C, 30MPa, & 20min) + furnace-cooled",FCC+Cr7C3,,,,,,,,298.0,32.8,KIC,,"Guo, Z., Zhang, A., Han, J. & Meng, J. Microstructure, mechanical and tribological properties of CoCrFeNiMn high entropy alloy matrix composites with addition of Cr3C2. Tribology International 151, doi:10.1016/j.triboint.2020.106436 (2020)."
C20.00-Co10.00-Cr40.00-Fe10.00-Mn10.00-Ni10.00,as-sintered,"SPS (1050°C, 30MPa, & 20min) + furnace-cooled",FCC+Cr7C3,,,,,,,,298.0,26.2,KIC,,"Guo, Z., Zhang, A., Han, J. & Meng, J. Microstructure, mechanical and tribological properties of CoCrFeNiMn high entropy alloy matrix composites with addition of Cr3C2. Tribology International 151, doi:10.1016/j.triboint.2020.106436 (2020)."
C20.00-Co10.00-Cr40.00-Fe10.00-Mn10.00-Ni10.00,as-sintered,"SPS (1050°C, 30MPa, & 20min) + furnace-cooled",FCC+Cr7C3,,,,,,,,298.0,12.3,KIC,,"Guo, Z., Zhang, A., Han, J. & Meng, J. Microstructure, mechanical and tribological properties of CoCrFeNiMn high entropy alloy matrix composites with addition of Cr3C2. Tribology International 151, doi:10.1016/j.triboint.2020.106436 (2020)."
Co30.00-Cr10.00-Fe45.00-Ni5.00-V10.00,annealed,VIM + hot-rolled (1373-1173K & 60% reduction) + homogenized (1473K & 2h) + water-quenched + sand-blasted + cold-rolled (50% reduction) + annealed (1123K & 1h) + water-quenched,FCC to FCC+BCC+HCP martensitic transformation,6.0,,,218.5,687.0,1254.0,66.0,77.0,237.0,KIC,,"Jo, Y. H., Yang, J., Doh, K.-Y., An, W., Kim, D. W., Sung, H., Lee, D., Kim, H. S., Sohn, S. S. & Lee, S. Analysis of damage-tolerance of TRIP-assisted V10Cr10Fe45Co30Ni5 high-entropy alloy at room and cryogenic temperatures. J. Alloys Compd. 844, doi:10.1016/j.jallcom.2020.156090 (2020)."
Al16.67-B16.67-Co16.67-Cr16.67-Fe16.67-Ni16.67,as-sintered,"SPS (1100°C, 30MPa, & 10min)",BCC+boride (Fe2B+Cr2B+CrB),,,11.01,,,,,298.0,3.2,KIC,0.2,"Long, Y., Che, J., Wu, Z., Lin, H.-T. & Zhang, F. High entropy alloy borides prepared by powder metallurgy process and the enhanced fracture toughness by addition of yttrium. Mater. Chem. Phys. 257, doi:10.1016/j.matchemphys.2020.123715 (2021)."
Al16.39-B16.39-Co16.39-Cr16.39-Fe16.39-Ni16.39-Y1.64,as-sintered,"SPS (1100°C, 30MPa, & 10min)",BCC+boride (Fe2B+Cr2B+CrB),,,10.33,,,,,298.0,3.9,KIC,0.2,"Long, Y., Che, J., Wu, Z., Lin, H.-T. & Zhang, F. High entropy alloy borides prepared by powder metallurgy process and the enhanced fracture toughness by addition of yttrium. Mater. Chem. Phys. 257, doi:10.1016/j.matchemphys.2020.123715 (2021)."
Al16.13-B16.13-Co16.13-Cr16.13-Fe16.13-Ni16.13-Y3.23,as-sintered,"SPS (1100°C, 30MPa, & 10min)",BCC+boride (Fe2B+Cr2B+CrB),,,10.31,,,,,298.0,4.5,KIC,0.2,"Long, Y., Che, J., Wu, Z., Lin, H.-T. & Zhang, F. High entropy alloy borides prepared by powder metallurgy process and the enhanced fracture toughness by addition of yttrium. Mater. Chem. Phys. 257, doi:10.1016/j.matchemphys.2020.123715 (2021)."
C37.50-Co3.12-Cr3.12-Fe3.12-Mo25.00-Ni3.12-Ti12.50-W12.50,as-sintered,sintered (1440°C & 1h),"FCC+Ti(C,N)",0.92,,17.201477999999998,,,,,298.0,9.69,KIC,,"Gou, Q., Xiong, J., Guo, Z., Liu, J., Yang, L. & Li, X. Influence of NbC additions on microstructure and wear resistance of Ti(C,N)-based cermets bonded by CoCrFeNi high-entropy alloy. International Journal of Refractory Metals and Hard Materials 94, doi:10.1016/j.ijrmhm.2020.105375 (2021)."
C40.00-Co2.50-Cr2.50-Fe2.50-Mo20.00-Nb10.00-Ni2.50-Ti10.00-W10.00,as-sintered,sintered (1440°C & 1h),"FCC+Ti(C,N)",0.85,,18.172371,,,,,298.0,9.93,KIC,,"Gou, Q., Xiong, J., Guo, Z., Liu, J., Yang, L. & Li, X. Influence of NbC additions on microstructure and wear resistance of Ti(C,N)-based cermets bonded by CoCrFeNi high-entropy alloy. International Journal of Refractory Metals and Hard Materials 94, doi:10.1016/j.ijrmhm.2020.105375 (2021)."
C40.00-Co2.50-Cr2.50-Fe2.50-Mo20.00-Nb10.00-Ni2.50-Ti10.00-W10.00,as-sintered,sintered (1440°C & 1h),"FCC+Ti(C,N)",1.05,,17.583951,,,,,298.0,8.73,KIC,,"Gou, Q., Xiong, J., Guo, Z., Liu, J., Yang, L. & Li, X. Influence of NbC additions on microstructure and wear resistance of Ti(C,N)-based cermets bonded by CoCrFeNi high-entropy alloy. International Journal of Refractory Metals and Hard Materials 94, doi:10.1016/j.ijrmhm.2020.105375 (2021)."
C40.00-Co2.50-Cr2.50-Fe2.50-Mo20.00-Nb10.00-Ni2.50-Ti10.00-W10.00,as-sintered,sintered (1440°C & 1h),"FCC+Ti(C,N)",1.1,,17.691828,,,,,298.0,8.7,KIC,,"Gou, Q., Xiong, J., Guo, Z., Liu, J., Yang, L. & Li, X. Influence of NbC additions on microstructure and wear resistance of Ti(C,N)-based cermets bonded by CoCrFeNi high-entropy alloy. International Journal of Refractory Metals and Hard Materials 94, doi:10.1016/j.ijrmhm.2020.105375 (2021)."
Al5.26-Co21.05-Cr21.05-Fe21.05-Ni21.05-Ti10.53,borided,sintered (1200°C & 2h) + borided (900°C & 2h),boride (Ni2B+Co2B+Cr5B3+Fe2B+TiB2+CrB+AlB12),,6.5,14.328027,140.56,,,,298.0,4.25,KIC,,"Erdogan, A., Günen, A., Gök, M. S. & Zeytin, S. Microstructure and mechanical properties of borided CoCrFeNiAl0.25Ti0.5 high entropy alloy produced by powder metallurgy. Vacuum 183, doi:10.1016/j.vacuum.2020.109820 (2021)."
Al5.26-Co21.05-Cr21.05-Fe21.05-Ni21.05-Ti10.53,borided,sintered (1200°C & 2h) + borided (1000°C & 2h),boride (NiB+Co2B+Fe2B+TiB2+CrB+Cr5B3),,6.65,15.436218,140.77,,,,298.0,4.02,KIC,,"Erdogan, A., Günen, A., Gök, M. S. & Zeytin, S. Microstructure and mechanical properties of borided CoCrFeNiAl0.25Ti0.5 high entropy alloy produced by powder metallurgy. Vacuum 183, doi:10.1016/j.vacuum.2020.109820 (2021)."
Al5.26-Co21.05-Cr21.05-Fe21.05-Ni21.05-Ti10.53,borided,sintered (1200°C & 2h) + borided (1100°C & 2h),boride (NiB+Ni2B+CrB+Co2B+TiB2+AlB12+Fe2B+Fe3B),,6.72,16.142322,151.53,,,,298.0,3.57,KIC,,"Erdogan, A., Günen, A., Gök, M. S. & Zeytin, S. Microstructure and mechanical properties of borided CoCrFeNiAl0.25Ti0.5 high entropy alloy produced by powder metallurgy. Vacuum 183, doi:10.1016/j.vacuum.2020.109820 (2021)."
Nb25.00-Ta25.00-Ti25.00-V25.00,as-cast,arc-melted,BCC,,,,132.0,1200.0,,,134.0,43.0,KQ,,"Scales, R. J., Armstrong, D. E. J., Wilkinson, A. J. & Li, B. S. On the brittle-to-ductile transition of the as-cast TiVNbTa refractory high-entropy alloy. Materialia 14, doi:10.1016/j.mtla.2020.100940 (2020)."
Nb25.00-Ta25.00-Ti25.00-V25.00,as-cast,arc-melted,BCC,,,,132.0,1200.0,,,156.0,42.0,KQ,,"Scales, R. J., Armstrong, D. E. J., Wilkinson, A. J. & Li, B. S. On the brittle-to-ductile transition of the as-cast TiVNbTa refractory high-entropy alloy. Materialia 14, doi:10.1016/j.mtla.2020.100940 (2020)."
Nb25.00-Ta25.00-Ti25.00-V25.00,as-cast,arc-melted,BCC,,,,132.0,1200.0,,,203.0,63.0,KQ,,"Scales, R. J., Armstrong, D. E. J., Wilkinson, A. J. & Li, B. S. On the brittle-to-ductile transition of the as-cast TiVNbTa refractory high-entropy alloy. Materialia 14, doi:10.1016/j.mtla.2020.100940 (2020)."
Nb25.00-Ta25.00-Ti25.00-V25.00,as-cast,arc-melted,BCC,,,,132.0,1200.0,,,213.0,68.0,KQ,,"Scales, R. J., Armstrong, D. E. J., Wilkinson, A. J. & Li, B. S. On the brittle-to-ductile transition of the as-cast TiVNbTa refractory high-entropy alloy. Materialia 14, doi:10.1016/j.mtla.2020.100940 (2020)."
Nb25.00-Ta25.00-Ti25.00-V25.00,as-cast,arc-melted,BCC,,,,132.0,1200.0,,,226.0,83.0,KQ,,"Scales, R. J., Armstrong, D. E. J., Wilkinson, A. J. & Li, B. S. On the brittle-to-ductile transition of the as-cast TiVNbTa refractory high-entropy alloy. Materialia 14, doi:10.1016/j.mtla.2020.100940 (2020)."
Al16.67-Co16.67-Cr16.67-Cu16.67-Fe16.67-Ni16.67,as-deposited,LMD,BCC+FCC,,,2.77,149.0,,,,298.0,15.5,KIC,,"Dada, M., Popoola, P., Mathe, N., Adeosun, S. & Pityana, S. Investigating the elastic modulus and hardness properties of a high entropy alloy coating using nanoindentation. International Journal of Lightweight Materials and Manufacture 4, 339-345, doi:10.1016/j.ijlmm.2021.04.002 (2021)."
Al20.00-Co20.00-Cr20.00-Fe20.00-Ni20.00,remelted,plasma sprayed + laser remelted,BCC+α-Al2O3,,,5.68806,197.0,,,,298.0,186.47,KIC,,"Liu, Q., Dong, T.-s., Fu, B.-g., Li, G.-l. & Yang, L.-j. Effect of Laser Remelting on Microstructure and Properties of AlCoCrFeNi High-Entropy Alloy Coating. J. Mater. Eng. Perform. 30, 5728-5735, doi:10.1007/s11665-021-05806-0 (2021)."
Al2.43-B0.57-Co17.00-Cr26.57-Fe18.57-Mn19.86-Ni15.00,borided,arc-melted + borided (900°C & 4h) + air-cooled,boride [Fe1.1Cr0.9B0.9+Cr2Ni3B6+(Fe0.4Mn0.6)B+(Cr0.4Mn0.6)B+(CrFe)B2],,,19.0795185,202.03,,,,298.0,1.8,KIC,,"Günen, A. Tribocorrosion behavior of boronized Co1.19Cr1.86Fe1.30Mn1.39Ni1.05Al0.17B0.04 high entropy alloy. Surf. Coat. Technol. 421, doi:10.1016/j.surfcoat.2021.127426 (2021)."
Al2.43-B0.57-Co17.00-Cr26.57-Fe18.57-Mn19.86-Ni15.00,borided,arc-melted + borided (950°C & 4h) + air-cooled,boride [Cr2Ni3B6+(Fe0.4Mn0.6)B+(Cr0.4Mn0.6)B+(CrFe)B2],,,23.0317395,246.91,,,,298.0,3.84,KIC,,"Günen, A. Tribocorrosion behavior of boronized Co1.19Cr1.86Fe1.30Mn1.39Ni1.05Al0.17B0.04 high entropy alloy. Surf. Coat. Technol. 421, doi:10.1016/j.surfcoat.2021.127426 (2021)."
Al2.43-B0.57-Co17.00-Cr26.57-Fe18.57-Mn19.86-Ni15.00,borided,arc-melted + borided (1000°C & 4h) + air-cooled,boride [Cr2Ni3B6+(Fe0.4Mn0.6)B+(Cr0.4Mn0.6)B+(CrFe)B2],,,23.762361,263.6,,,,298.0,3.78,KIC,,"Günen, A. Tribocorrosion behavior of boronized Co1.19Cr1.86Fe1.30Mn1.39Ni1.05Al0.17B0.04 high entropy alloy. Surf. Coat. Technol. 421, doi:10.1016/j.surfcoat.2021.127426 (2021)."
Co20.00-Cr20.00-Fe20.00-Mn20.00-Ti20.00,annealed,high-pulse sintered (1000°C & 1min),BCC+C14 Laves,,,,,,,,298.0,2.04,KIC,,"Górniewicz1a, D., Jóźwiak, S., Przygucki, H. & Kopec, M. The concept of improving the fracture toughness of double-phase high entropy alloy produced by high-pulse sintering method U-FAST. 15th International Conference on Advances in Experimental Mechanics"
Co20.00-Cr20.00-Fe20.00-Mn20.00-Ti20.00,annealed,high-pulse sintered (1000°C & 1min) + annealed (1000°C & 1h),BCC+C14 Laves,,,,,,,,298.0,1.86,KIC,,"Górniewicz1a, D., Jóźwiak, S., Przygucki, H. & Kopec, M. The concept of improving the fracture toughness of double-phase high entropy alloy produced by high-pulse sintering method U-FAST. 15th International Conference on Advances in Experimental Mechanics"
Co20.00-Cr20.00-Fe20.00-Mn20.00-Ti20.00,annealed,high-pulse sintered (1000°C & 1min) + annealed (1000°C & 10h),BCC+C14 Laves,,,,,,,,298.0,2.44,KIC,,"Górniewicz1a, D., Jóźwiak, S., Przygucki, H. & Kopec, M. The concept of improving the fracture toughness of double-phase high entropy alloy produced by high-pulse sintering method U-FAST. 15th International Conference on Advances in Experimental Mechanics"
Co20.00-Cr20.00-Fe20.00-Mn20.00-Ti20.00,annealed,high-pulse sintered (1000°C & 1min) + annealed (1000°C & 20h),BCC+C14 Laves,,,,,,,,298.0,2.56,KIC,,"Górniewicz1a, D., Jóźwiak, S., Przygucki, H. & Kopec, M. The concept of improving the fracture toughness of double-phase high entropy alloy produced by high-pulse sintering method U-FAST. 15th International Conference on Advances in Experimental Mechanics"
Co20.00-Cr20.00-Fe20.00-Mn20.00-Ti20.00,annealed,high-pulse sintered (1000°C & 1min) + annealed (1000°C & 50h),BCC+C14 Laves,,,,,,,,298.0,2.55,KIC,,"Górniewicz1a, D., Jóźwiak, S., Przygucki, H. & Kopec, M. The concept of improving the fracture toughness of double-phase high entropy alloy produced by high-pulse sintering method U-FAST. 15th International Conference on Advances in Experimental Mechanics"
Co20.00-Cr20.00-Fe20.00-Mn20.00-Ti20.00,annealed,high-pulse sintered (1000°C & 1min) + annealed (1000°C & 100h),BCC+C14 Laves,,,,,,,,298.0,2.98,KIC,,"Górniewicz1a, D., Jóźwiak, S., Przygucki, H. & Kopec, M. The concept of improving the fracture toughness of double-phase high entropy alloy produced by high-pulse sintering method U-FAST. 15th International Conference on Advances in Experimental Mechanics"
Co19.00-Cr19.00-Cu2.50-Fe19.00-Mn19.00-O2.50-Ti19.00,annealed,high-pulse sintered (1000°C & 1min),BCC+C14 Laves,,,,,,,,298.0,2.67,KIC,,"Górniewicz1a, D., Jóźwiak, S., Przygucki, H. & Kopec, M. The concept of improving the fracture toughness of double-phase high entropy alloy produced by high-pulse sintering method U-FAST. 15th International Conference on Advances in Experimental Mechanics"
Co19.00-Cr19.00-Cu2.50-Fe19.00-Mn19.00-O2.50-Ti19.00,annealed,high-pulse sintered (1000°C & 1min) + annealed (1000°C & 1h),BCC+C14 Laves,,,,,,,,298.0,2.53,KIC,,"Górniewicz1a, D., Jóźwiak, S., Przygucki, H. & Kopec, M. The concept of improving the fracture toughness of double-phase high entropy alloy produced by high-pulse sintering method U-FAST. 15th International Conference on Advances in Experimental Mechanics"
Co19.00-Cr19.00-Cu2.50-Fe19.00-Mn19.00-O2.50-Ti19.00,annealed,high-pulse sintered (1000°C & 1min) + annealed (1000°C & 10h),BCC+C14 Laves,,,,,,,,298.0,2.91,KIC,,"Górniewicz1a, D., Jóźwiak, S., Przygucki, H. & Kopec, M. The concept of improving the fracture toughness of double-phase high entropy alloy produced by high-pulse sintering method U-FAST. 15th International Conference on Advances in Experimental Mechanics"
Co19.00-Cr19.00-Cu2.50-Fe19.00-Mn19.00-O2.50-Ti19.00,annealed,high-pulse sintered (1000°C & 1min) + annealed (1000°C & 20h),BCC+C14 Laves,,,,,,,,298.0,3.12,KIC,,"Górniewicz1a, D., Jóźwiak, S., Przygucki, H. & Kopec, M. The concept of improving the fracture toughness of double-phase high entropy alloy produced by high-pulse sintering method U-FAST. 15th International Conference on Advances in Experimental Mechanics"
Co19.00-Cr19.00-Cu2.50-Fe19.00-Mn19.00-O2.50-Ti19.00,annealed,high-pulse sintered (1000°C & 1min) + annealed (1000°C & 50h),BCC+C14 Laves,,,,,,,,298.0,3.04,KIC,,"Górniewicz1a, D., Jóźwiak, S., Przygucki, H. & Kopec, M. The concept of improving the fracture toughness of double-phase high entropy alloy produced by high-pulse sintering method U-FAST. 15th International Conference on Advances in Experimental Mechanics"
Co19.00-Cr19.00-Cu2.50-Fe19.00-Mn19.00-O2.50-Ti19.00,annealed,high-pulse sintered (1000°C & 1min) + annealed (1000°C & 100h),BCC+C14 Laves,,,,,,,,298.0,3.39,KIC,,"Górniewicz1a, D., Jóźwiak, S., Przygucki, H. & Kopec, M. The concept of improving the fracture toughness of double-phase high entropy alloy produced by high-pulse sintering method U-FAST. 15th International Conference on Advances in Experimental Mechanics"
Al2.78-C33.33-Co2.78-Cr2.78-Fe2.78-Ni2.78-V2.78-W50.00,as-sintered,"SPS (1100°C, 50MPa, & 10min)","BCC+FCC+WC+Fe(Co,Ni)3W3C",,10.9,0.1353366,,,,,298.0,12.8,KIC,0.2,"Solodkyi, I., Teslia, S., Bezdorozhev, O., Trosnikova, I., Yurkova, O., Bogomol, I. & Loboda, P. Hardmetals prepared from WC-W2C eutectic particles and AlCrFeCoNiV high entropy alloy as a binder. Vacuum 195, doi:10.1016/j.vacuum.2021.110630 (2022)."
Al2.78-C33.33-Co2.78-Cr2.78-Fe2.78-Ni2.78-V2.78-W50.00,as-sintered,"SPS (1200°C, 50MPa, & 10min)",BCC+FCC+WC,,11.0,0.16083479999999997,,,,,298.0,16.6,KIC,0.4,"Solodkyi, I., Teslia, S., Bezdorozhev, O., Trosnikova, I., Yurkova, O., Bogomol, I. & Loboda, P. Hardmetals prepared from WC-W2C eutectic particles and AlCrFeCoNiV high entropy alloy as a binder. Vacuum 195, doi:10.1016/j.vacuum.2021.110630 (2022)."
Al2.78-C33.33-Co2.78-Cr2.78-Fe2.78-Ni2.78-V2.78-W50.00,as-sintered,"SPS (1400°C, 50MPa, & 10min)",BCC+FCC+WC,,11.6,0.1559313,,,,,298.0,17.2,KIC,0.2,"Solodkyi, I., Teslia, S., Bezdorozhev, O., Trosnikova, I., Yurkova, O., Bogomol, I. & Loboda, P. Hardmetals prepared from WC-W2C eutectic particles and AlCrFeCoNiV high entropy alloy as a binder. Vacuum 195, doi:10.1016/j.vacuum.2021.110630 (2022)."
Al3.51-Co26.32-Cr17.54-Fe17.54-Ni26.32-Ti8.77,as-cast,arc-melted,FCC,,,,,,,,298.0,59.24,KIC,,"Xin, B., Zhang, A., Han, J., Zhang, J. & Meng, J. Enhancing mechanical properties of the boron doped Al0.2Co1.5CrFeNi1.5Ti0.5 high entropy alloy via tuning composition and microstructure. J. Alloys Compd. 896, doi:10.1016/j.jallcom.2021.162852 (2022)."
Al3.42-B2.56-Co25.64-Cr17.09-Fe17.09-Ni25.64-Ti8.55,as-cast,arc-melted,FCC,,,,,,,,298.0,71.7,KIC,,"Xin, B., Zhang, A., Han, J., Zhang, J. & Meng, J. Enhancing mechanical properties of the boron doped Al0.2Co1.5CrFeNi1.5Ti0.5 high entropy alloy via tuning composition and microstructure. J. Alloys Compd. 896, doi:10.1016/j.jallcom.2021.162852 (2022)."
Al3.33-B5.00-Co25.00-Cr16.67-Fe16.67-Ni25.00-Ti8.33,as-cast,arc-melted,FCC+Hexagonal+Tetragonal+Laves,,,,,,,,298.0,39.2,KIC,,"Xin, B., Zhang, A., Han, J., Zhang, J. & Meng, J. Enhancing mechanical properties of the boron doped Al0.2Co1.5CrFeNi1.5Ti0.5 high entropy alloy via tuning composition and microstructure. J. Alloys Compd. 896, doi:10.1016/j.jallcom.2021.162852 (2022)."
Al3.25-B7.32-Co24.39-Cr16.26-Fe16.26-Ni24.39-Ti8.13,as-cast,arc-melted,FCC+Hexagonal+Tetragonal+Laves,,,,,,,,298.0,33.6,KIC,,"Xin, B., Zhang, A., Han, J., Zhang, J. & Meng, J. Enhancing mechanical properties of the boron doped Al0.2Co1.5CrFeNi1.5Ti0.5 high entropy alloy via tuning composition and microstructure. J. Alloys Compd. 896, doi:10.1016/j.jallcom.2021.162852 (2022)."
Al3.17-B9.52-Co23.81-Cr15.87-Fe15.87-Ni23.81-Ti7.94,as-cast,arc-melted,FCC+Hexagonal+Tetragonal+Laves,,,,,,,,298.0,27.0,KIC,,"Xin, B., Zhang, A., Han, J., Zhang, J. & Meng, J. Enhancing mechanical properties of the boron doped Al0.2Co1.5CrFeNi1.5Ti0.5 high entropy alloy via tuning composition and microstructure. J. Alloys Compd. 896, doi:10.1016/j.jallcom.2021.162852 (2022)."
Al3.10-B11.63-Co23.26-Cr15.50-Fe15.50-Ni23.26-Ti7.75,as-cast,arc-melted,FCC+Hexagonal+Tetragonal+Laves,,,,,,,,298.0,21.3,KIC,,"Xin, B., Zhang, A., Han, J., Zhang, J. & Meng, J. Enhancing mechanical properties of the boron doped Al0.2Co1.5CrFeNi1.5Ti0.5 high entropy alloy via tuning composition and microstructure. J. Alloys Compd. 896, doi:10.1016/j.jallcom.2021.162852 (2022)."
Al3.03-B13.64-Co22.73-Cr15.15-Fe15.15-Ni22.73-Ti7.58,as-cast,arc-melted,FCC+Hexagonal+Tetragonal+Laves,,,,,,,,298.0,18.57,KIC,,"Xin, B., Zhang, A., Han, J., Zhang, J. & Meng, J. Enhancing mechanical properties of the boron doped Al0.2Co1.5CrFeNi1.5Ti0.5 high entropy alloy via tuning composition and microstructure. J. Alloys Compd. 896, doi:10.1016/j.jallcom.2021.162852 (2022)."
Co30.00-Cr10.00-Fe45.00-Mn5.00-Si8.00-V2.00,annealed,VIM + homogenized (1200°C & 2h) + water-quenched + hot-rolled (1100-900°C & ~40% reduction) + air-cooled +  cold-rolled (~30% reduction) + annealed (850°C & 1h) + water-quenched,FCC+HCP to FCC+HCP+BCC martensitic transformation,7.0,,,194.9,424.0,1099.0,52.0,298.0,292.0,KIC,7.0,"Yang, J., Jo, Y. H., An, W., Kim, H. S., Lee, B.-J., Lee, S., Sung, H. & Sohn, S. S. Effects of deformation-induced martensitic transformation on cryogenic fracture toughness for metastable Si8V2Fe45Cr10Mn5Co30 high-entropy alloy. Acta Mater. 225, doi:10.1016/j.actamat.2021.117568 (2022)."
Co30.00-Cr10.00-Fe45.00-Mn5.00-Si8.00-V2.00,annealed,VIM + homogenized (1200°C & 2h) + water quenched + hot-rolled (1100-900°C & ~40% reduction) + air-cooled +  cold-rolled (~30% reduction) + annealed (850°C & 1h) + water-quenched,FCC+HCP to FCC+HCP+BCC martensitic transformation,7.0,,,207.4,457.0,1617.0,49.0,77.0,129.0,KIC,4.0,"Yang, J., Jo, Y. H., An, W., Kim, H. S., Lee, B.-J., Lee, S., Sung, H. & Sohn, S. S. Effects of deformation-induced martensitic transformation on cryogenic fracture toughness for metastable Si8V2Fe45Cr10Mn5Co30 high-entropy alloy. Acta Mater. 225, doi:10.1016/j.actamat.2021.117568 (2022)."
Co22.47-Cr22.47-Fe22.47-Nb10.11-Ni22.47,as-cast,arc-melted,FCC+Laves,,,5.0113769999999995,,,,,298.0,18.4,KQ,,"Jiang, H., Ni, Z., Wang, J., Li, L., Huang, T., Han, K., Zhang, Q. & Sui, H. Design multi‐component eutectic alloys in the Co‐Cr‐Fe‐Ni‐Nb system using simple mixing method. Adv. Eng. Mater. 24, 202101339, doi:10.1002/adem.202101339 (2022)."
Al14.29-Mo28.57-Nb28.57-Ta28.57,as-clad,laser-clad,BCC+Ti2AlNb,,,6.791935919999999,,,,,298.0,3.935,KIC,,"Hong, S., Li, J., Zhao, P., Xu, Y. & Li, W. Evolution in Wear and High-Temperature Oxidation Resistance of Laser-Clad AlxMoNbTa Refractory High-Entropy Alloys Coatings with Al Addition Content. Coatings 12, doi:10.3390/coatings12020121 (2022)."
Al25.00-Mo25.00-Nb25.00-Ta25.00,as-clad,laser-clad,BCC+Ti2AlNb,,,7.1112518399999995,,,,,298.0,2.128,KIC,,"Hong, S., Li, J., Zhao, P., Xu, Y. & Li, W. Evolution in Wear and High-Temperature Oxidation Resistance of Laser-Clad AlxMoNbTa Refractory High-Entropy Alloys Coatings with Al Addition Content. Coatings 12, doi:10.3390/coatings12020121 (2022)."
Al33.33-Mo22.22-Nb22.22-Ta22.22,as-clad,laser-clad,BCC+Ti2AlNb,,,7.2510015899999996,,,,,298.0,1.717,KIC,,"Hong, S., Li, J., Zhao, P., Xu, Y. & Li, W. Evolution in Wear and High-Temperature Oxidation Resistance of Laser-Clad AlxMoNbTa Refractory High-Entropy Alloys Coatings with Al Addition Content. Coatings 12, doi:10.3390/coatings12020121 (2022)."
C37.00-Mo20.00-N3.00-Ni10.00-Ta10.00-Ti10.00-W10.00,as-sintered,"vacuum sintered (1310°C, 5-40Pa, & 0.5h) + low-pressure sintered (1440°C, 5MPa, & 1h)","FCC+Ti(C,N)",0.9,,14.377062,,,,,298.0,8.5,KIC,0.1,"Yang, S., Xiong, J., Guo, Z., Wu, B., Yang, T. e., You, Q., Liu, J., Deng, C., Fang, D., Gou, S., Yu, Z. & Chen, S. Effects of CrMnFeCoNi additions on microstructure, mechanical properties and wear resistance of Ti(C,N)-based cermets. Journal of Materials Research and Technology 17, 2480-2494, doi:10.1016/j.jmrt.2022.02.021 (2022)."
C33.64-Co1.82-Cr1.82-Fe1.82-Mn1.82-Mo18.18-N2.73-Ni10.91-Ta9.09-Ti9.09-W9.09,as-sintered,"vacuum sintered (1310°C, 5-40Pa, & 0.5h) + low-pressure sintered (1440°C, 5MPa, & 1h)","FCC+Ti(C,N)",0.83,,16.142322,,,,,298.0,9.1,KIC,0.11,"Yang, S., Xiong, J., Guo, Z., Wu, B., Yang, T. e., You, Q., Liu, J., Deng, C., Fang, D., Gou, S., Yu, Z. & Chen, S. Effects of CrMnFeCoNi additions on microstructure, mechanical properties and wear resistance of Ti(C,N)-based cermets. Journal of Materials Research and Technology 17, 2480-2494, doi:10.1016/j.jmrt.2022.02.021 (2022)."
C37.00-Co2.00-Cr2.00-Fe2.00-Mn2.00-Mo20.00-N3.00-Ni2.00-Ta10.00-Ti10.00-W10.00,as-sintered,"vacuum sintered (1310°C, 5-40Pa, & 0.5h) + low-pressure sintered (1440°C, 5MPa, & 1h)","FCC+Ti(C,N)",0.75,,16.76997,,,,,298.0,8.1,KIC,0.16,"Yang, S., Xiong, J., Guo, Z., Wu, B., Yang, T. e., You, Q., Liu, J., Deng, C., Fang, D., Gou, S., Yu, Z. & Chen, S. Effects of CrMnFeCoNi additions on microstructure, mechanical properties and wear resistance of Ti(C,N)-based cermets. Journal of Materials Research and Technology 17, 2480-2494, doi:10.1016/j.jmrt.2022.02.021 (2022)."
Hf20.00-Nb20.00-Ta20.00-Ti20.00-Zr20.00,as-cast,magnetic levitation melted,BCC,167.0,,,97.7,875.0,957.0,16.5,298.0,210.0,KIC,,"Fan, X. J., Qu, R. T. & Zhang, Z. F. Remarkably high fracture toughness of HfNbTaTiZr refractory high-entropy alloy. Journal of Materials Science & Technology 123, 70-77, doi:10.1016/j.jmst.2022.01.017 (2022)."
Al0.66-C23.18-Co6.62-Cr6.62-Cu6.62-Fe6.62-Mo13.25-N3.31-Ni13.25-Ta6.62-Ti6.62-W6.62,as-sintered,sintered (1500°C & 30Pa),"FCC+BCC+Ti(C,N)+WC+(Ti,W,Mo,Ta)(C,N)",,,20.584893,,,,,298.0,10.1,KIC,,"Wu, Z., Chen, Y., Hai, W. & Liu, M. Effect of AlxCoCrFeNiCu binder on mechanical properties and wear performance of Ti (C, N) cermet. International Journal of Modern Physics B 36, 2240038, doi:10.1142/S0217979222400380 (2022)."
Al1.32-C23.03-Co6.58-Cr6.58-Cu6.58-Fe6.58-Mo13.16-N3.29-Ni13.16-Ta6.58-Ti6.58-W6.58,as-sintered,sintered (1400°C & 30Pa),"FCC+BCC+Ti(C,N)+WC+(Ti,W,Mo,Ta)(C,N)",,,16.514988,,,,,298.0,8.76,KIC,,"Wu, Z., Chen, Y., Hai, W. & Liu, M. Effect of AlxCoCrFeNiCu binder on mechanical properties and wear performance of Ti (C, N) cermet. International Journal of Modern Physics B 36, 2240038, doi:10.1142/S0217979222400380 (2022)."
Al1.32-C23.03-Co6.58-Cr6.58-Cu6.58-Fe6.58-Mo13.16-N3.29-Ni13.16-Ta6.58-Ti6.58-W6.58,as-sintered,sintered (1600°C & 30Pa),"FCC+BCC+Ti(C,N)+WC+(Ti,W,Mo,Ta)(C,N)",,,16.838619,,,,,298.0,10.1,KIC,,"Wu, Z., Chen, Y., Hai, W. & Liu, M. Effect of AlxCoCrFeNiCu binder on mechanical properties and wear performance of Ti (C, N) cermet. International Journal of Modern Physics B 36, 2240038, doi:10.1142/S0217979222400380 (2022)."
Al3.23-C22.58-Co6.45-Cr6.45-Cu6.45-Fe6.45-Mo12.90-N3.23-Ni12.90-Ta6.45-Ti6.45-W6.45,as-sintered,sintered (1500°C & 30Pa),"FCC+BCC+Ti(C,N)+WC+(Ti,W,Mo,Ta)(C,N)",,,19.604193,,,,,298.0,9.75,KIC,,"Wu, Z., Chen, Y., Hai, W. & Liu, M. Effect of AlxCoCrFeNiCu binder on mechanical properties and wear performance of Ti (C, N) cermet. International Journal of Modern Physics B 36, 2240038, doi:10.1142/S0217979222400380 (2022)."
C16.67-Co16.67-Cr16.67-Fe16.67-Ni16.67-W16.67,as-sintered,"SHIP (1420°C, 5MPa, & 1h)",FCC+carbide,1.46,,9.169545,,,,,298.0,21.26,KIC,,"Qian, C., Liu, Y., Cheng, H., Li, K., Liu, B. & Zhang, X. Effect of carbon content on microstructure and mechanical properties of cemented carbides with CoNiFeCr high entropy alloy binder. Available at SSRN 4074390, doi:10.2139/ssrn.4074390 (2022)."
C16.67-Co16.67-Cr16.67-Fe16.67-Ni16.67-W16.67,as-sintered,"SHIP (1420°C, 5MPa, & 1h)",FCC+carbide,,,9.326457,,,,,298.0,20.18,KIC,,"Qian, C., Liu, Y., Cheng, H., Li, K., Liu, B. & Zhang, X. Effect of carbon content on microstructure and mechanical properties of cemented carbides with CoNiFeCr high entropy alloy binder. Available at SSRN 4074390, doi:10.2139/ssrn.4074390 (2022)."
C33.33-Co33.33-W33.33,as-sintered,"SHIP (1420°C, 5MPa, & 1h)",FCC+carbide,1.82,,9.473562,,,,,298.0,19.3,KIC,,"Qian, C., Liu, Y., Cheng, H., Li, K., Liu, B. & Zhang, X. Effect of carbon content on microstructure and mechanical properties of cemented carbides with CoNiFeCr high entropy alloy binder. Available at SSRN 4074390, doi:10.2139/ssrn.4074390 (2022)."
Al16.67-B16.67-Co16.67-Cr16.67-Fe16.67-Ni16.67,as-sintered,"SPS (1100°C, 30MPa, & 10min)",BCC+B2+boride+oxide,0.25,6.26,11.15,,,,,298.0,3.6,KIC,0.8,"Long, Y., Zhang, G., Chen, J., Datye, A., Zhang, S., Schwarz, U. D., Lin, H.-T. & Zhang, F. Effect of Yttrium on Mechanical Properties, Phases, and Microstructure of Feconialcrb High Entropy Alloys Prepared by Sps. Available at SSRN 4074390, doi:10.2139/ssrn.4084629 (2022)."
Al16.39-B16.39-Co16.39-Cr16.39-Fe16.39-Ni16.39-Y1.64,as-sintered,"SPS (1100°C, 30MPa, & 10min)",BCC+B2+boride+oxide,0.15000000000000002,6.17,10.45,,,,,298.0,5.5,KIC,0.5,"Long, Y., Zhang, G., Chen, J., Datye, A., Zhang, S., Schwarz, U. D., Lin, H.-T. & Zhang, F. Effect of Yttrium on Mechanical Properties, Phases, and Microstructure of Feconialcrb High Entropy Alloys Prepared by Sps. Available at SSRN 4074390, doi:10.2139/ssrn.4084629 (2022)."
Al7.00-Co28.67-Fe28.67-Ni28.67-Ti7.00,as-printed,SLM,FCC,,7.61,,,718.0,1090.0,30.0,298.0,239.0,KIC,4.4,"Liu, L.-X., Pan, J., Zhang, C., Xu, J.-Y., Guo, R. & Liu, L. Achieving high strength and ductility in a 3D-printed high entropy alloy by cooperative planar slipping and stacking fault. Mater. Sci. Eng.: A 843, doi:10.1016/j.msea.2022.143106 (2022)."
Al7.00-Co28.67-Fe28.67-Ni28.67-Ti7.00,as-printed,SLM,FCC,,7.61,,,729.0,1080.0,13.0,298.0,186.5,KIC,2.9,"Liu, L.-X., Pan, J., Zhang, C., Xu, J.-Y., Guo, R. & Liu, L. Achieving high strength and ductility in a 3D-printed high entropy alloy by cooperative planar slipping and stacking fault. Mater. Sci. Eng.: A 843, doi:10.1016/j.msea.2022.143106 (2022)."
C33.33-Co8.33-Cr8.33-Fe8.33-Ni8.33-W33.33,as-sintered,"SPS (1200°C, 30MPa, & 5min)",FCC+WC,,,18.95,,,,,298.0,15.88,KIC,0.38,"Zheng, D. High-Entropy-Alloy CoFeNiCr Bonded WC-Based Cemented Carbide Prepared by Spark Plasma Sintering. Met. Mat. Trans. A 53, 2724-2729, doi:10.1007/s11661-022-06701-6 (2022)."
,High austenitizing (1200-870°C),,,,,4.524116205,,1593.0,2193.0,12.0,298.0,70.0,,,Ritchie 1976 table II
Co33.33-Cr33.33-Ni33.33,annealed,arc-melted + homogenized (1473K & 24h) + cold forged and cross-rolled + annealed (1073K & 1h),FCC,8.0,,,,,,,20.0,459.0,,,"Liu, D., Yu, Q., Kabra, S., Jiang, M., Forna-Kreutzer, P., Zhang, R., Payne, M., Walsh, F., Gludovatz, B., Asta, M., Minor, A. M., George, E. P. & Ritchie, R. O. Exceptional fracture toughness of CrCoNi-based medium-and high-entropy alloys at 20 kelvin. Science 378, 978-983 (2022)."
Co20-Cr20-Fe20-Mn20-Ni20,annealed,arc-melted + homogenized (1473K & 24h) + cold forged and cross-rolled + annealed (1073K & 1h),FCC,21.0,,,,,,,20.0,262.0,,,"Liu, D., Yu, Q., Kabra, S., Jiang, M., Forna-Kreutzer, P., Zhang, R., Payne, M., Walsh, F., Gludovatz, B., Asta, M., Minor, A. M., George, E. P. & Ritchie, R. O. Exceptional fracture toughness of CrCoNi-based medium-and high-entropy alloys at 20 kelvin. Science 378, 978-983 (2022)."
C36.52-Co26.97-W36.52,as-sintered,"SPS (1473K, 30MPa, & 5min)",,,,16.97,,,,,298.0,14.74,,,"Zheng, D. High-Entropy-Alloy CoFeNiCr Bonded WC-Based Cemented Carbide Prepared by Spark Plasma Sintering. Met. Mat. Trans. A 53, 2724-2729, doi:10.1007/s11661-022-06701-6 (2022)."
,Typical,,,,,5.00500245,,1570.0,1965.0,12.0,298.0,65.0,,,Dynamic Metals article
Co22.22-Cr22.22-Fe22.22-Nb11.11-Ni22.22,as-cast,arc-melted,FCC+C14 Laves,25.0,,9.2,,,,,298.0,13.1,,,"Chung, D., Ding, Z. & Yang, Y. Hierarchical Eutectic Structure Enabling Superior Fracture Toughness and Superb Strength in CoCrFeNiNb0.5 Eutectic High Entropy Alloy at Room Temperature. Adv. Eng. Mater. 21, doi:10.1002/adem.201801060 (2018)."
,Typical,,,,,5.389711446,,1570.0,2000.0,13.0,298.0,118.0,,,Dynamic Metals article
,H950 (aged),,,,,4.524116205,,1785.0,1895.0,12.0,298.0,54.0,,,Aubert Duval brochure table
C43.35-Co3.32-Cr3.32-Fe3.32-Ni3.32-W43.35,as-sintered,"SPS (1473K, 30MPa, & 5min)",,,,16.05,,,,,298.0,16.71,,,"Zheng, D. High-Entropy-Alloy CoFeNiCr Bonded WC-Based Cemented Carbide Prepared by Spark Plasma Sintering. Met. Mat. Trans. A 53, 2724-2729, doi:10.1007/s11661-022-06701-6 (2022)."
C47.37-Co1.31-Cr1.31-Fe1.31-Ni1.31-W47.37,as-sintered,"SPS (1473K, 30MPa, & 5min)",,,,19.06,,,,,298.0,11.62,,,"Zheng, D. High-Entropy-Alloy CoFeNiCr Bonded WC-Based Cemented Carbide Prepared by Spark Plasma Sintering. Met. Mat. Trans. A 53, 2724-2729, doi:10.1007/s11661-022-06701-6 (2022)."
,H1000 (aged),,,,,4.716470703,,1620.0,1710.0,13.0,298.0,90.0,,,Aubert Duval brochure table
Mo25-Nb25-Ta25-W25,homogenized,arc-melted + homogenized (2073K & 7days),BCC,,,,,,,,298.0,1.7000000000000002,,,"Zou, Y., Okle, P., Yu, H., Sumigawa, T., Kitamura, T., Maiti, S., Steurer, W. & Spolenak, R. Fracture properties of a refractory high-entropy alloy: In situ micro-cantilever and atom probe tomography studies. Scr. Mater. 128, 95-99, doi:10.1016/j.scriptamat.2016.09.036 (2017)."
